BEGIN TRANSACTION;
CREATE TABLE IF NOT EXISTS "country" (
	"countrycode"	TEXT NOT NULL,
	"countryname"	TEXT NOT NULL,
	"code"	TEXT DEFAULT NULL,
	PRIMARY KEY("countrycode")
);
CREATE TABLE IF NOT EXISTS "guestreservation" (
	"gur_id"	INTEGER,
	"res_id"	INTEGER NOT NULL,
	"guest_id"	INTEGER NOT NULL,
	"in_date"	TEXT,
	"out_date"	TEXT,
	PRIMARY KEY("gur_id" AUTOINCREMENT)
);
CREATE TABLE IF NOT EXISTS "reservations" (
	"res_id"	INTEGER,
	"cust_id"	INTEGER NOT NULL,
	"room_id"	INTEGER NOT NULL,
	"checkin"	TEXT NOT NULL,
	"checkout"	TEXT NOT NULL,
	"status"	TEXT,
	"reservation_date"	TEXT NOT NULL,
	"days"	INTEGER NOT NULL DEFAULT 0,
	"checked_out"	INTEGER NOT NULL DEFAULT 0,
	PRIMARY KEY("res_id" AUTOINCREMENT)
);
CREATE TABLE IF NOT EXISTS "invoiceheader" (
	"inh_id"	INTEGER,
	"cust_id"	INTEGER NOT NULL,
	"date"	TEXT,
	"total"	REAL,
	"invoice_number"	TEXT,
	PRIMARY KEY("inh_id" AUTOINCREMENT)
);
CREATE TABLE IF NOT EXISTS "invoiceitem" (
	"initem_id"	INTEGER,
	"name"	TEXT,
	"quantity"	INTEGER,
	"unit"	TEXT,
	"price"	NUMERIC,
	"total"	NUMERIC,
	"res_id"	INTEGER,
	"itemtype"	TEXT NOT NULL,
	"room_serv_id"	INTEGER NOT NULL,
	"invoice_number"	TEXT,
	PRIMARY KEY("initem_id" AUTOINCREMENT)
);
CREATE TABLE IF NOT EXISTS "roomtype" (
	"type_id"	INTEGER,
	"name"	TEXT NOT NULL,
	"price"	REAL NOT NULL DEFAULT 0.0,
	"capacity"	INTEGER NOT NULL,
	PRIMARY KEY("type_id" AUTOINCREMENT)
);
CREATE TABLE IF NOT EXISTS "service" (
	"serv_id"	INTEGER,
	"res_id"	INTEGER,
	"stype_id"	INTEGER,
	"quantity"	REAL DEFAULT 0.00,
	"unit"	TEXT,
	"price"	REAL,
	"total"	REAL DEFAULT 0.00,
	"date"	TEXT,
	"time"	TEXT,
	PRIMARY KEY("serv_id" AUTOINCREMENT)
);
CREATE TABLE IF NOT EXISTS "servicetype" (
	"stype_id"	INTEGER,
	"name"	TEXT,
	"price"	REAL DEFAULT 0.00,
	"unit"	TEXT,
	"description"	TEXT,
	PRIMARY KEY("stype_id" AUTOINCREMENT)
);
CREATE TABLE IF NOT EXISTS "customers" (
	"cust_id"	INTEGER NOT NULL,
	"FirstName"	TEXT NOT NULL,
	"LastName"	TEXT NOT NULL,
	"Address"	TEXT,
	"City"	TEXT,
	"Country"	TEXT,
	"Phone"	TEXT,
	"Email"	TEXT NOT NULL,
	"gender"	TEXT,
	PRIMARY KEY("cust_id" AUTOINCREMENT)
);
CREATE TABLE IF NOT EXISTS "guests" (
	"guest_id"	INTEGER,
	"FirstName"	TEXT NOT NULL,
	"LastName"	TEXT NOT NULL,
	"Address"	TEXT,
	"City"	TEXT,
	"Country"	TEXT,
	"Phone"	TEXT,
	"Email"	TEXT NOT NULL,
	"dob"	TEXT,
	"gender"	TEXT,
	PRIMARY KEY("guest_id" AUTOINCREMENT)
);
CREATE TABLE IF NOT EXISTS "rooms" (
	"room_id"	INTEGER,
	"roomno"	TEXT NOT NULL UNIQUE,
	"floor"	INTEGER,
	"roomtype_id"	INTEGER NOT NULL DEFAULT 0,
	"status"	TEXT,
	PRIMARY KEY("room_id" AUTOINCREMENT)
);
INSERT INTO "country" ("countrycode","countryname","code") VALUES ('AFG','Afghanistan','AF'),
 ('ALA','Åland','AX'),
 ('ALB','Albania','AL'),
 ('DZA','Algeria','DZ'),
 ('ASM','American Samoa','AS'),
 ('AND','Andorra','AD'),
 ('AGO','Angola','AO'),
 ('AIA','Anguilla','AI'),
 ('ATA','Antarctica','AQ'),
 ('ATG','Antigua and Barbuda','AG'),
 ('ARG','Argentina','AR'),
 ('ARM','Armenia','AM'),
 ('ABW','Aruba','AW'),
 ('AUS','Australia','AU'),
 ('AUT','Austria','AT'),
 ('AZE','Azerbaijan','AZ'),
 ('BHS','Bahamas','BS'),
 ('BHR','Bahrain','BH'),
 ('BGD','Bangladesh','BD'),
 ('BRB','Barbados','BB'),
 ('BLR','Belarus','BY'),
 ('BEL','Belgium','BE'),
 ('BLZ','Belize','BZ'),
 ('BEN','Benin','BJ'),
 ('BMU','Bermuda','BM'),
 ('BTN','Bhutan','BT'),
 ('BOL','Bolivia','BO'),
 ('BES','Bonaire','BQ'),
 ('BIH','Bosnia and Herzegovina','BA'),
 ('BWA','Botswana','BW'),
 ('BVT','Bouvet Island','BV'),
 ('BRA','Brazil','BR'),
 ('IOT','British Indian Ocean Territory','IO'),
 ('VGB','British Virgin Islands','VG'),
 ('BRN','Brunei','BN'),
 ('BGR','Bulgaria','BG'),
 ('BFA','Burkina Faso','BF'),
 ('BDI','Burundi','BI'),
 ('KHM','Cambodia','KH'),
 ('CMR','Cameroon','CM'),
 ('CAN','Canada','CA'),
 ('CPV','Cape Verde','CV'),
 ('CYM','Cayman Islands','KY'),
 ('CAF','Central African Republic','CF'),
 ('TCD','Chad','TD'),
 ('CHL','Chile','CL'),
 ('CHN','China','CN'),
 ('CXR','Christmas Island','CX'),
 ('CCK','Cocos [Keeling] Islands','CC'),
 ('COL','Colombia','CO'),
 ('COM','Comoros','KM'),
 ('COK','Cook Islands','CK'),
 ('CRI','Costa Rica','CR'),
 ('HRV','Croatia','HR'),
 ('CUB','Cuba','CU'),
 ('CUW','Curacao','CW'),
 ('CYP','Cyprus','CY'),
 ('CZE','Czech Republic','CZ'),
 ('COD','Democratic Republic of the Congo','CD'),
 ('DNK','Denmark','DK'),
 ('DJI','Djibouti','DJ'),
 ('DMA','Dominica','DM'),
 ('DOM','Dominican Republic','DO'),
 ('TLS','East Timor','TL'),
 ('ECU','Ecuador','EC'),
 ('EGY','Egypt','EG'),
 ('SLV','El Salvador','SV'),
 ('GNQ','Equatorial Guinea','GQ'),
 ('ERI','Eritrea','ER'),
 ('EST','Estonia','EE'),
 ('ETH','Ethiopia','ET'),
 ('FLK','Falkland Islands','FK'),
 ('FRO','Faroe Islands','FO'),
 ('FJI','Fiji','FJ'),
 ('FIN','Finland','FI'),
 ('FRA','France','FR'),
 ('GUF','French Guiana','GF'),
 ('PYF','French Polynesia','PF'),
 ('ATF','French Southern Territories','TF'),
 ('GAB','Gabon','GA'),
 ('GMB','Gambia','GM'),
 ('GEO','Georgia','GE'),
 ('DEU','Germany','DE'),
 ('GHA','Ghana','GH'),
 ('GIB','Gibraltar','GI'),
 ('GRC','Greece','GR'),
 ('GRL','Greenland','GL'),
 ('GRD','Grenada','GD'),
 ('GLP','Guadeloupe','GP'),
 ('GUM','Guam','GU'),
 ('GTM','Guatemala','GT'),
 ('GGY','Guernsey','GG'),
 ('GIN','Guinea','GN'),
 ('GNB','Guinea-Bissau','GW'),
 ('GUY','Guyana','GY'),
 ('HTI','Haiti','HT'),
 ('HMD','Heard Island and McDonald Islands','HM'),
 ('HND','Honduras','HN'),
 ('HKG','Hong Kong','HK'),
 ('HUN','Hungary','HU'),
 ('ISL','Iceland','IS'),
 ('IND','India','IN'),
 ('IDN','Indonesia','ID'),
 ('IRN','Iran','IR'),
 ('IRQ','Iraq','IQ'),
 ('IRL','Ireland','IE'),
 ('IMN','Isle of Man','IM'),
 ('ISR','Israel','IL'),
 ('ITA','Italy','IT'),
 ('CIV','Ivory Coast','CI'),
 ('JAM','Jamaica','JM'),
 ('JPN','Japan','JP'),
 ('JEY','Jersey','JE'),
 ('JOR','Jordan','JO'),
 ('KAZ','Kazakhstan','KZ'),
 ('KEN','Kenya','KE'),
 ('KIR','Kiribati','KI'),
 ('XKX','Kosovo','XK'),
 ('KWT','Kuwait','KW'),
 ('KGZ','Kyrgyzstan','KG'),
 ('LAO','Laos','LA'),
 ('LVA','Latvia','LV'),
 ('LBN','Lebanon','LB'),
 ('LSO','Lesotho','LS'),
 ('LBR','Liberia','LR'),
 ('LBY','Libya','LY'),
 ('LIE','Liechtenstein','LI'),
 ('LTU','Lithuania','LT'),
 ('LUX','Luxembourg','LU'),
 ('MAC','Macao','MO'),
 ('MKD','Macedonia','MK'),
 ('MDG','Madagascar','MG'),
 ('MWI','Malawi','MW'),
 ('MYS','Malaysia','MY'),
 ('MDV','Maldives','MV'),
 ('MLI','Mali','ML'),
 ('MLT','Malta','MT'),
 ('MHL','Marshall Islands','MH'),
 ('MTQ','Martinique','MQ'),
 ('MRT','Mauritania','MR'),
 ('MUS','Mauritius','MU'),
 ('MYT','Mayotte','YT'),
 ('MEX','Mexico','MX'),
 ('FSM','Micronesia','FM'),
 ('MDA','Moldova','MD'),
 ('MCO','Monaco','MC'),
 ('MNG','Mongolia','MN'),
 ('MNE','Montenegro','ME'),
 ('MSR','Montserrat','MS'),
 ('MAR','Morocco','MA'),
 ('MOZ','Mozambique','MZ'),
 ('MMR','Myanmar [Burma]','MM'),
 ('NAM','Namibia','NA'),
 ('NRU','Nauru','NR'),
 ('NPL','Nepal','NP'),
 ('NLD','Netherlands','NL'),
 ('NCL','New Caledonia','NC'),
 ('NZL','New Zealand','NZ'),
 ('NIC','Nicaragua','NI'),
 ('NER','Niger','NE'),
 ('NGA','Nigeria','NG'),
 ('NIU','Niue','NU'),
 ('NFK','Norfolk Island','NF'),
 ('PRK','North Korea','KP'),
 ('MNP','Northern Mariana Islands','MP'),
 ('NOR','Norway','NO'),
 ('OMN','Oman','OM'),
 ('PAK','Pakistan','PK'),
 ('PLW','Palau','PW'),
 ('PSE','Palestine','PS'),
 ('PAN','Panama','PA'),
 ('PNG','Papua New Guinea','PG'),
 ('PRY','Paraguay','PY'),
 ('PER','Peru','PE'),
 ('PHL','Philippines','PH'),
 ('PCN','Pitcairn Islands','PN'),
 ('POL','Poland','PL'),
 ('PRT','Portugal','PT'),
 ('PRI','Puerto Rico','PR'),
 ('QAT','Qatar','QA'),
 ('COG','Republic of the Congo','CG'),
 ('REU','Réunion','RE'),
 ('ROU','Romania','RO'),
 ('RUS','Russia','RU'),
 ('RWA','Rwanda','RW'),
 ('BLM','Saint Barthélemy','BL'),
 ('SHN','Saint Helena','SH'),
 ('KNA','Saint Kitts and Nevis','KN'),
 ('LCA','Saint Lucia','LC'),
 ('MAF','Saint Martin','MF'),
 ('SPM','Saint Pierre and Miquelon','PM'),
 ('VCT','Saint Vincent and the Grenadines','VC'),
 ('WSM','Samoa','WS'),
 ('SMR','San Marino','SM'),
 ('STP','São Tomé and Príncipe','ST'),
 ('SAU','Saudi Arabia','SA'),
 ('SEN','Senegal','SN'),
 ('SRB','Serbia','RS'),
 ('SYC','Seychelles','SC'),
 ('SLE','Sierra Leone','SL'),
 ('SGP','Singapore','SG'),
 ('SXM','Sint Maarten','SX'),
 ('SVK','Slovakia','SK'),
 ('SVN','Slovenia','SI'),
 ('SLB','Solomon Islands','SB'),
 ('SOM','Somalia','SO'),
 ('ZAF','South Africa','ZA'),
 ('SGS','South Georgia and the South Sandwich Islands','GS'),
 ('KOR','South Korea','KR'),
 ('SSD','South Sudan','SS'),
 ('ESP','Spain','ES'),
 ('LKA','Sri Lanka','LK'),
 ('SDN','Sudan','SD'),
 ('SUR','Suriname','SR'),
 ('SJM','Svalbard and Jan Mayen','SJ'),
 ('SWZ','Swaziland','SZ'),
 ('SWE','Sweden','SE'),
 ('CHE','Switzerland','CH'),
 ('SYR','Syria','SY'),
 ('TWN','Taiwan','TW'),
 ('TJK','Tajikistan','TJ'),
 ('TZA','Tanzania','TZ'),
 ('THA','Thailand','TH'),
 ('TGO','Togo','TG'),
 ('TKL','Tokelau','TK'),
 ('TON','Tonga','TO'),
 ('TTO','Trinidad and Tobago','TT'),
 ('TUN','Tunisia','TN'),
 ('TUR','Turkey','TR'),
 ('TKM','Turkmenistan','TM'),
 ('TCA','Turks and Caicos Islands','TC'),
 ('TUV','Tuvalu','TV'),
 ('UMI','U.S. Minor Outlying Islands','UM'),
 ('VIR','U.S. Virgin Islands','VI'),
 ('UGA','Uganda','UG'),
 ('UKR','Ukraine','UA'),
 ('ARE','United Arab Emirates','AE'),
 ('GBR','United Kingdom','GB'),
 ('USA','United States','US'),
 ('URY','Uruguay','UY'),
 ('UZB','Uzbekistan','UZ'),
 ('VUT','Vanuatu','VU'),
 ('VAT','Vatican City','VA'),
 ('VEN','Venezuela','VE'),
 ('VNM','Vietnam','VN'),
 ('WLF','Wallis and Futuna','WF'),
 ('ESH','Western Sahara','EH'),
 ('YEM','Yemen','YE'),
 ('ZMB','Zambia','ZM'),
 ('ZWE','Zimbabwe','ZW');
INSERT INTO "guestreservation" ("gur_id","res_id","guest_id","in_date","out_date") VALUES (23,9,59,'2024-02-04','2024-02-14'),
 (24,11,12,'2024-02-08','2024-02-15');
INSERT INTO "reservations" ("res_id","cust_id","room_id","checkin","checkout","status","reservation_date","days","checked_out") VALUES (9,60,1,'2024-02-04','2024-02-14','Reserved','2024-02-04',10,0),
 (10,65,4,'2024-02-04','2024-02-16','Reserved','2024-02-04',12,0),
 (11,62,5,'2024-02-08','2024-02-15','Reserved','2024-02-08',7,0);
INSERT INTO "roomtype" ("type_id","name","price","capacity") VALUES (1,'Single',100.0,1),
 (3,'Double',200.0,2),
 (4,'Suite',300.0,3);
INSERT INTO "service" ("serv_id","res_id","stype_id","quantity","unit","price","total","date","time") VALUES (24,9,16,1.0,'piece',100.0,100.0,'2024-02-04','15:16'),
 (25,9,1,1.0,'hour',200.0,200.0,'2024-02-05','16:02'),
 (26,11,16,1.0,'piece',100.0,100.0,'2024-02-08','14:41');
INSERT INTO "servicetype" ("stype_id","name","price","unit","description") VALUES (1,'Car rental',100.0,'',''),
 (2,'Ticket sale',10.0,'piece','cheep'),
 (3,'Minibár','','piece',''),
 (4,'Laundry','','',''),
 (5,'Room service','','piece',''),
 (6,'Meals','','',''),
 (7,'Spa',100.0,'hour','spa'),
 (8,'Restaurant','','',''),
 (9,'Dinner','','',''),
 (10,'Calling taxi','','',''),
 (11,'Guided tour service','','',''),
 (12,'Ticket sale','','',''),
 (13,'Clothing repair','','',''),
 (14,'Transportation','','piece',''),
 (15,'Szauna',20.0,'hour',''),
 (16,'Bath','','piece',''),
 (18,'tojás',100.0,'piece','tojás'),
 (19,'kacsa',100.0,'piece','aaaa');
INSERT INTO "customers" ("cust_id","FirstName","LastName","Address","City","Country","Phone","Email","gender") VALUES (60,'Boris','Johnson','Downing street 10.','London','United Kingdom','601-344-4000','boris.johnson@gmail.com','Male'),
 (61,'Robert ','De Niro','47W 13 th St','New York','United States','133-200-4321','robert.de.niro@gmail.com','Male'),
 (62,'Roger','Moore','795 Massachusetts Ave','Cambridge','United Kingdom','111-345-444','roger.moore@gmail.com','Male'),
 (63,'Angela','Davis','58 Middle Point Rd','San Francisco California','United States','415-206-1733','angela.davis@gmail.com','Female');
INSERT INTO "guests" ("guest_id","FirstName","LastName","Address","City","Country","Phone","Email","dob","gender") VALUES (1,'Luís','Gonçalves','Av. Brigadeiro Faria Lima, 2170','São José dos Campos','Brazil','+55 (12) 3923-5555','luisg@embraer.com.br','1970-12-12','Male'),
 (2,'Leonie','Köhler','Theodor-Heuss-Straße 34','Stuttgart','Germany','+49 0711 2842222','leonekohler@surfeu.de','2000-01-01','Female'),
 (3,'François','Tremblay','1498 rue Bélanger','Montréal','Canada','+1 (514) 721-4711','ftremblay@gmail.com','1954-11-26','Male'),
 (4,'Bjørn','Hansen','Ullevålsveien 14','Oslo','Norway','+47 22 44 22 22','bjorn.hansen@yahoo.no','1960-02-11','Male'),
 (5,'František','Wichterlová','Klanova 9/506','Prague','Czech Republic','+420 2 4172 5555','frantisekw@jetbrains.com','1930-05-13','Male'),
 (6,'Helena','Holý','Rilská 3174/6','Prague','Czech Republic','+420 2 4177 0449','hholy@gmail.com','1967-04-01','Female'),
 (7,'Astrid','Gruber','Rotenturmstraße 4, 1010 Innere Stadt','Vienne','Austria','+43 01 5134505','astrid.gruber@apple.at','1979-02-02','Male'),
 (8,'Daan','Peeters','Grétrystraat 63','Brussels','Belgium','+32 02 219 03 03','daan_peeters@apple.be','1990-05-01','Male'),
 (9,'Kara','Nielsen','Sønder Boulevard 51','Copenhagen','Denmark','+453 3331 9991','kara.nielsen@jubii.dk','1970-01-30','Female'),
 (10,'Eduardo','Martins','Rua Dr. Falcão Filho, 155','São Paulo','Brazil','+55 (11) 3033-5446','eduardo@woodstock.com.br','2001-09-01','Male'),
 (11,'Alexandre','Rocha','Av. Paulista, 2022','São Paulo','Brazil','+55 (11) 3055-3278','alero@uol.com.br','1999-09-09','Male'),
 (12,'Roberto','Almeida','Praça Pio X, 119','Rio de Janeiro','Brazil','+55 (21) 2271-7000','roberto.almeida@riotur.gov.br','1998-02-11','Male'),
 (13,'Fernanda','Ramos','Qe 7 Bloco G','Brasília','Brazil','+55 (61) 3363-5547','fernadaramos4@uol.com.br','1980-01-23','Male'),
 (14,'Mark','Philips','8210 111 ST NW','Edmonton','Canada','+1 (780) 434-4554','mphilips12@shaw.ca','2005-12-31','Male'),
 (15,'Jennifer','Peterson','700 W Pender Street','Vancouver','Canada','+1 (604) 688-2255','jenniferp@rogers.ca','1964-11-11','Female'),
 (16,'Frank','Harris','1600 Amphitheatre Parkway','Mountain View','Canada','+1 (650) 253-0000','fharris@google.com','1997-01-22','Male'),
 (17,'Jack','Smith','1 Microsoft Way','Redmond','Canada','+1 (425) 882-8080','jacksmith@microsoft.com','1989-06-05','Male'),
 (18,'Michelle','Brooks','627 Broadway','New York','Canada','+1 (212) 221-3546','michelleb@aol.com','1980-06-25','Male'),
 (19,'Tim','Goyer','1 Infinite Loop','Cupertino','Canada','+1 (408) 996-1010','tgoyer@apple.com','1984-12-24','Male'),
 (20,'Dan','Miller','541 Del Medio Avenue','Mountain View','Canada','+1 (650) 644-3358','dmiller@comcast.com','1979-12-01','Male'),
 (21,'Kathy','Chase','801 W 4th Street','Reno','Canada','+1 (775) 223-7665','kachase@hotmail.com','1979-11-12','Female'),
 (22,'Heather','Leacock','120 S Orange Ave','Orlando','Canada','+1 (407) 999-7788','hleacock@gmail.com','2000-01-01','Female'),
 (23,'John','Gordon','69 Salem Street','Boston','Canada','+1 (617) 522-1333','johngordon22@yahoo.com','2002-11-11','Male'),
 (24,'Frank','Ralston','162 E Superior Street','Chicago','Canada','+1 (312) 332-3232','fralston@gmail.com','1982-01-22','Male'),
 (25,'Victor','Stevens','319 N. Frances Street','Madison','Canada','+1 (608) 257-0597','vstevens@yahoo.com','1978-02-02','Male'),
 (26,'Richard','Cunningham','2211 W Berry Street','Fort Worth','Canada','+1 (817) 924-7272','ricunningham@hotmail.com','1980-11-11','Male'),
 (27,'Patrick','Gray','1033 N Park Ave','Tucson','Canada','+1 (520) 622-4200','patrick.gray@aol.com','2010-11-21','Male'),
 (28,'Julia','Barnett','302 S 700 E','Salt Lake City','Canada','+1 (801) 531-7272','jubarnett@gmail.com','2002-12-12','Female'),
 (29,'Robert','Brown','796 Dundas Street West','Toronto','Canada','+1 (416) 363-8888','robbrown@shaw.ca','2002-02-11','Male'),
 (30,'Edward','Francis','230 Elgin Street','Ottawa','Canada','+1 (613) 234-3322','edfrancis@yachoo.ca','2000-01-01','Male'),
 (31,'Martha','Silk','194A Chain Lake Drive','Halifax','Canada','+1 (902) 450-0450','marthasilk@gmail.com','2003-01-01','Female'),
 (32,'Aaron','Mitchell','696 Osborne Street','Winnipeg','Canada','+1 (204) 452-6452','aaronmitchell@yahoo.ca','2001-12-12','Male'),
 (33,'Ellie','Sullivan','5112 48 Street','Yellowknife','Canada','+1 (867) 920-2233','ellie.sullivan@shaw.ca','1989-12-24','Female'),
 (34,'João','Fernandes','Rua da Assunção 53','Lisbon','Portugal','+351 (213) 466-111','jfernandes@yahoo.pt','1979-06-17','Male'),
 (35,'Madalena','Sampaio','Rua dos Campeões Europeus de Viena, 4350','Porto','Portugal','+351 (225) 022-448','masampaio@sapo.pt','2000-03-03','Female'),
 (36,'Hannah','Schneider','Tauentzienstraße 8','Berlin','Germany','+49 030 26550280','hannah.schneider@yahoo.de','2001-03-04','Female'),
 (37,'Fynn','Zimmermann','Berger Straße 10','Frankfurt','Germany','+49 069 40598889','fzimmermann@yahoo.de','1975-04-01','Male'),
 (38,'Niklas','Schröder','Barbarossastraße 19','Berlin','Germany','+49 030 2141444','nschroder@surfeu.de','1986-10-10','Male'),
 (39,'Camille','Bernard','4, Rue Milton','Paris','France','+33 01 49 70 65 65','camille.bernard@yahoo.fr','1999-01-01','Female'),
 (40,'Dominique','Lefebvre','8, Rue Hanovre','Paris','France','+33 01 47 42 71 71','dominiquelefebvre@gmail.com','1967-11-11','Male'),
 (41,'Marc','Dubois','11, Place Bellecour','Lyon','France','+33 04 78 30 30 30','marc.dubois@hotmail.com','1956-06-16','Male'),
 (42,'Wyatt','Girard','9, Place Louis Barthou','Bordeaux','France','+33 05 56 96 96 96','wyatt.girard@yahoo.fr','1958-07-07','Male'),
 (43,'Isabelle','Mercier','68, Rue Jouvence','Dijon','France','+33 03 80 73 66 99','isabelle_mercier@apple.fr','1960-01-23','Female'),
 (44,'Terhi','Hämäläinen','Porthaninkatu 9','Helsinki','Finland','+358 09 870 2000','terhi.hamalainen@apple.fi','2000-07-01','Male'),
 (45,'Ladislav','Kovács','Erzsébet krt. 58.','Budapest','Hungary',' 123-333-444','ladislav_kovacs@apple.hu','2001-02-02','Male'),
 (46,'Hugh','O Reilly','3 Chatham Street','Dublin','Ireland','+353 01 6792424','hughoreilly@apple.ie','1954-11-26','Male'),
 (47,'Lucas','Mancini','Via Degli Scipioni, 43','Rome','Italy','+39 06 39733434','lucas.mancini@yahoo.it','1962-01-02','Male'),
 (48,'Johannes','Van der Berg','Lijnbaansgracht 120bg','Amsterdam','Netherlands','+31 020 6223130','johavanderberg@yahoo.nl','1964-01-02','Male'),
 (49,'Stanisław','Wójcik','Ordynacka 10','Warsaw','Poland','+48 22 828 37 39','stanisław.wójcik@wp.pl','1966-12-12','Male'),
 (50,'Enrique','Muñoz','C/ San Bernardo 85','Madrid','Spain','+34 914 454 454','enrique_munoz@yahoo.es','1966-11-11','Male'),
 (51,'Joakim','Johansson','Celsiusg. 9','Stockholm','Sweden','+46 08-651 52 52','joakim.johansson@yahoo.se','1968-11-30','Male'),
 (52,'Emma','Jones','202 Hoxton Street','London','United Kingdom','+44 020 7707 0707','emma_jones@hotmail.com','1970-01-31','Female'),
 (53,'Phil','Hughes','113 Lupus St','London','United Kingdom','+44 020 7976 5722','phil.hughes@gmail.com','1971-01-22','Male'),
 (54,'Steve','Murray','110 Raeburn Pl','Edinburgh ','United Kingdom','+44 0131 315 3300','steve.murray@yahoo.uk','1972-11-23','Male'),
 (55,'Mark','Taylor','421 Bourke Street','Sidney','Australia','+61 (02) 9332 3633','mark.taylor@yahoo.au','1972-11-11','Male'),
 (56,'Diego','Gutiérrez','307 Macacha Güemes','Buenos Aires','Argentina','+54 (0)11 4311 4333','diego.gutierrez@yahoo.ar','1973-02-02','Male'),
 (57,'Luis','Rojas','Calle Lira, 198','Santiago','Chile','+56 (0)2 635 4444','luisrojas@yahoo.cl','1974-06-22','Male'),
 (58,'Manoj','Pareek','12,Community Centre','Delhi','India','+91 0124 39883988','manoj.pareek@rediff.com','1977-07-07','Male'),
 (59,'Puja','Srivastava','3,Raj Bhavan Road','Bangalore','India','+91 080 22289999','puja_srivastava@yahoo.in','1979-08-06','Male');
INSERT INTO "rooms" ("room_id","roomno","floor","roomtype_id","status") VALUES (1,'A100',1,1,'Occupied'),
 (3,'A101',1,3,'Ready'),
 (4,'A102',1,1,'Ready'),
 (5,'A103',1,1,'Ready'),
 (6,'A104',1,1,'Ready'),
 (7,'A105',1,1,'Ready'),
 (8,'A106',1,3,'Ready'),
 (9,'A107',1,3,'Ready'),
 (10,'A108',1,3,'Ready'),
 (11,'A109',1,3,'Ready'),
 (12,'A10',1,3,'Ready'),
 (13,'A200',2,4,'Ready'),
 (14,'A201',2,4,'Ready'),
 (15,'A202',2,4,'Ready'),
 (16,'A203',2,4,'Ready'),
 (17,'A204',2,4,'Ready'),
 (18,'A205',2,4,'Ready'),
 (19,'A206',2,4,'Ready'),
 (20,'A207',2,4,'Ready'),
 (21,'A208',2,4,'Ready'),
 (22,'A209',2,4,'Ready'),
 (23,'A210',2,4,'Ready');
COMMIT;
